destination,shipCount,lat,lon
001        .CANADA,1,37.6075,-82.3272
006        .CANADA,1,37.6075,-82.3272
007        .CANADA,1,37.6075,-82.3272
010        .CANADA,1,37.6075,-82.3272
028        .CANADA,1,37.6075,-82.3272
^_^ LOME ^_^,1,6.137,1.212
\SAMARINDA,1,-0.5,117.15
>>>PADANG,1,-0.949,100.354
>JOSE PANGANIBAN,1,14.29,122.691
AALBORG,4,57.048,9.918
AARHUS,1,56.156,10.21
ABBOT,1,45.1859,-69.4537
ABBOT#,1,45.1859,-69.4537
ABIDJAN,22,5.341,-4.028
ABU DHABI,7,24.466,54.366
ACAJUTLA,3,13.5928,-89.8275
ADELAIDA,1,-34.933,138.6
ADELAIDE,8,-34.933,138.6
ADEN,10,12.779,45.036
AGADIR,3,30.42,-9.598
AIN SUKHNA,4,29.6,32.316
AJACCIO,1,41.9172,8.7345
AL HUDAYDAH,1,14.797,42.954
AL JUBAYL,3,27.004,49.661
AL KHUMS,2,32.65,14.266
ALCOY,1,38.6984,-0.4734
ALCUDIA,1,39.8517,3.1237
ALEX,3,34.9174,-97.7789
ALGIERS,3,36.752,3.041
ALMERIA,2,36.8419,-2.4636
ANACORTES,1,48.5175,-122.6117
ANNABA,7,36.9,7.766
ANTALYA,3,36.912,30.689
ANTOFAGASTA,6,-23.65,-70.4
ANTONINA,5,-25.428,-48.711
ANTWERPEN,4,51.2221,4.3977
AQABA,15,29.526,35.007
ARACAJU,1,-10.911,-37.071
ARICA,2,-18.475,-70.304
ARKHANGELSK,1,64.547,40.548
ASHDOD,10,31.816,34.65
ASHKELON,5,31.666,34.583
ASHTABULA,4,41.8893,-80.7867
ASTRAKHAN,7,46.349,48.049
ASTRAKHAN',1,46.349,48.049
AUCKLAND,3,-36.8523,174.7639
AVILES,8,43.5585,-5.9211
AZOV,3,47.11,39.413
B 2 A,1,-10.4771,121.9882
BAA,1,-10.7263,123.0492
BADE,2,-7.1667,139.5833
BAHIA BLANCA,31,-38.716,-62.283
BAHIA_BLANCA,3,-38.716,-62.283
BAHIA.BLANCA,1,-38.716,-62.283
BAIE COMEAU,3,49.216,-68.148
BAIE_COMEAU,1,49.216,-68.148
BAIECOMEAU,2,49.216,-68.148
BAKU,1,40.377,49.892
BALIKPAPAN,9,-1.267,116.828
BALTIYSK,6,54.652,19.909
BANDAR .ABBAS,1,27.186,56.28
BANDAR ABBAS,14,27.186,56.28
BANDAR_ABBAS,1,27.186,56.28
BANDAR-ABBAS,1,27.186,56.28
BANDARABBAS,2,27.186,56.28
BANDIRMA,3,40.352,27.976
BANGKOK,7,13.75,100.516
BANJARMASIN,5,-3.324,114.591
BANJUL,2,13.452,-16.578
BANYUWANGI,4,-8.221,114.364
BAOSHAN,1,46.558,131.424
BARCARENA,2,-1.505,-48.625
BARRA DOS COQUEIROS,4,-10.908,-37.038
BARRA DOS COQUEIROS ,1,-10.908,-37.038
BARRANQUILLA,16,10.963,-74.796
BATA,4,1.85,9.75
BATAM,2,1.125,104.039
BATON ROUGE,2,30.4433,-91.187
BATUMI,3,41.641,41.635
BEDI,4,22.5,70.05
BEI HAI,1,21.483,109.1
BEIHAI,3,21.483,109.1
BEIRA,8,-19.843,34.838
BEIRUT,3,33.888,35.494
BEJAIA,11,36.755,5.084
BELAWAN,14,3.775,98.683
BENGHAZI,3,32.116,20.066
BENICIA,1,38.0529,-122.1535
BERDYANSK,1,46.75,36.794
BHAVNAGAR,5,21.766,72.15
BILBAO,6,43.2687,-2.9462
BINTULU,7,3.166,113.033
BITUNG,1,1.445,125.182
BIZERTE,3,37.274,9.873
BLUFF,2,37.2866,-109.5467
BOCA GRANDE,2,26.7487,-82.26
BOCA_GRANDE 2,1,26.7487,-82.26
BOJONEGARA,1,-5.97,106.0955
BOJONEGARA         !,1,-5.97,106.0955
BONAIRE,2,32.5446,-83.5967
BONTANG,13,0.133,117.5
BORDEAUX,1,44.8366,-0.581
BOURGAS,1,42.506,27.467
BRAKE,6,53.3263,8.4786
BRAZIL,28,39.5252,-87.1187
BRIDGETOWN,1,13.1,-59.616
BRINDISI,9,40.6347,17.9403
BRINDISI     $,1,40.6347,17.9403
BRIXHAM,1,50.3942,-3.5168
BU SAN,1,35.1025,129.0349
BUNBURY,17,-33.333,115.633
BURGAS,2,42.506,27.467
BURNIE,2,-41.066,145.916
BURNS HARBOR,4,41.6187,-87.128
BUSAN,21,35.1025,129.0349
CABEDELO,2,-6.981,-34.833
CAGLIARI,1,39.2145,9.1105
CAIRNS,1,-16.916,145.766
CALABAR,5,4.951,8.322
CALACA,1,13.931,120.814
CALBUCO,1,-41.7734,-73.1305
CALDERA,3,8.6491,-82.3806
CAM PHA,3,21.01,107.2735
CAMPANA,5,-34.176,-58.92
CAMPHA,9,21.01,107.2735
CAN THO,1,10.033,105.783
CANADA,3,37.6075,-82.3272
CANAKKALE,7,40.145,26.406
CAPE CHARLES,1,37.2671,-76.017
CAPE TOWN,20,-33.916,18.416
CARBONERAS,2,20.09,-98.7053
CATANIA,2,37.5114,15.0675
CATIA LA MAR,1,10.6,-67.033
CAYELI,1,41.092,40.729
CEBU,5,10.316,123.89
CEDROS,1,14.6,-87.1167
CEUTA,6,35.89,-5.3178
CEYHAN,3,37.024,35.817
CHALMERS,2,40.6626,-86.8705
CHANG SHU,2,31.646,120.742
CHANG WON,1,35.228,128.681
CHANG ZHOU,4,31.783,119.966
CHANGSHU,6,31.646,120.742
CHANGSHU-,1,31.646,120.742
CHANGWON,1,35.228,128.681
CHANGZHOU,2,31.783,119.966
CHAO ZHOU,3,23.665,116.637
CHAOZHOU,3,23.665,116.637
CHENNAI,9,13.087,80.278
CHICAGO,3,41.8843,-87.6324
CHIMBOTE,2,-9.085,-78.578
CHIOGGIA,3,45.2185,12.2784
CHITTAGONG,63,22.333,91.836
CHITTAGONG ^_^,1,22.333,91.836
CHITTAGONG.,1,22.333,91.836
CHONGJIN,1,41.795,129.775
CIENFUEGOS,6,22.146,-80.435
CILACAP,2,-7.7264,109.0094
CIVITAVECCHIA,9,42.0968,11.79
CLAYMONT,1,39.8008,-75.4601
COATZACOALCOS,8,18.1335,-94.4424
COCHIN,3,9.966,76.233
COLOSO,1,9.4915,-75.3615
CONAKRY,17,9.537,-13.677
CONNEAUT,2,41.9439,-80.5596
CONSTANTA,21,44.183,28.65
CONSTANZA,1,18.916,-70.75
CONVENT,2,30.0206,-90.83
COQUIMBO,1,-29.953,-71.343
CORK,1,51.8983,-8.4728
CORO NEL,1,-37.016,-73.133
CORONEL,5,-37.016,-73.133
COTONOU,13,6.3519,2.4326
COTONOU            !,1,6.3519,2.4326
CRISTOBAL,30,9.3522,-79.9044
CROTONE,1,39.0813,17.1229
DA LI,1,25.7,100.183
DA LIAN,7,38.912,121.602
DAKAR,14,14.693,-17.444
DALIAN,30,38.912,121.602
DAMIETTA,24,31.419,31.815
DAMMAM,15,26.425,50.114
DAN DONG,1,40.129,124.394
DANANG,1,16.067,108.22
DANDONG,2,40.129,124.394
DAR ES SALAAM,3,-6.823,39.269
DAR ES SALAM,1,-6.823,39.269
DARU,2,-9.083,143.2
DAVAO,2,7.073,125.612
DELFZIJL,2,53.33,6.918
DESTREHAN,1,29.9549,-90.3882
DEVONPORT,1,-41.166,146.35
DJIBOUTI,3,11.587,43.144
DOHA,3,25.279,51.522
DONG GUAN,2,23.048,113.744
DONG HAI,1,22.945,115.642
DONG NAI,1,11.5798,107.3652
DORDRECHT,3,51.81,4.673
DOUALA,24,4.046,9.708
DRIFTING,5,41.0254,-78.1081
DUBAI,4,25.252,55.28
DUDINKA,1,69.405,86.177
DUMAI,8,1.683,101.45
DUNKERQUE,9,51.0371,2.3768
DURBAN,63,-29.85,31.016
DURRES,2,41.323,19.441
EAST LONDON,1,-33.015,27.911
EILAT,6,29.561,34.951
EREGLI,6,41.282,31.418
ESCANABA,1,45.7455,-87.0798
ESPANOLA,1,35.9908,-106.0803
ESPERANCE,8,42.763,-74.2608
ESPERANCE ^=^,1,42.763,-74.2608
ESSEXVILLE,1,43.616,-83.838
FAIRLESS HILLS,1,40.1737,-74.851
FAIRPORT,2,43.101,-77.4419
FALKENBERG,2,56.905,12.491
FANG CHENG,7,21.6122,108.333
FANGCHENG,34,21.6122,108.333
FERROL,1,43.4869,-8.2273
FINLAND,1,47.4161,-91.2462
FORTALEZA,3,-3.717,-38.543
FORTALEZA:,1,-3.717,-38.543
FOS SUR MER,1,43.437,4.9461
FREDRIKSTAD,2,59.218,10.929
FT.LAUDERDALE,1,26.1237,-80.1436
FUJAIRAH,74,25.123,56.337
FUJAIRAH0,1,25.123,56.337
FUKUYAMA,6,34.4859,133.3624
FUNCHAL,1,32.6469,-16.9085
GABES,2,33.881,10.098
GALLE,18,6.036,80.217
GALLE.,1,6.036,80.217
GDANSK,5,54.352,18.646
GDYNIA,8,54.518,18.531
GEELONG,9,-38.147,144.36
GEISMAR,1,30.204,-91.0256
GEMLIK,6,40.43,29.159
GENT,4,51.0556,3.7286
GERALDTON,22,-28.766,114.6
GIJON,11,43.5421,-5.6638
GIOIA TAURO,1,38.4268,15.8986
GISBORNE,2,-38.666,178.0254
GOA,2,13.697,123.489
GOOLE,1,53.7045,-0.8745
GOTEBORG,2,57.707,11.966
GOVE,3,38.959,-100.4885
GOVE     '8?1'8,1,38.959,-100.4885
GOVE #,1,38.959,-100.4885
GRAMERCY,2,30.0475,-90.6896
GREECE,1,43.2099,-77.6956
GRESIK,15,-7.153,112.656
GRESIK^ ^^,1,-7.153,112.656
GUAIBA,9,-30.113,-51.325
GUAIBA........,1,-30.113,-51.325
GUANG  ZHOU,1,23.116,113.25
GUANG ZHOU,19,23.116,113.25
GUANGZHOU,27,23.116,113.25
GUANTA,3,10.2345,-64.5955
GUAYAQUIL,9,-2.166,-79.9
GUAYMAS,4,27.9193,-110.8976
GUNSAN,4,35.978,126.711
HABANA,1,-6.0817,-77.0908
HADERA,5,32.435,34.917
HADONG,4,20.972,105.777
HAI PHONG,7,20.856,106.682
HAIFA,11,32.815,34.989
HAIMEN,1,23.193,116.614
HAIPHONG,7,20.856,106.682
HALDIA,26,22.06,88.109
HALMSTAD,2,56.674,12.856
HAMINA,1,60.569,27.197
HARCOURT,2,42.2678,-94.182
HELSINKI,1,60.169,24.935
HO CHIMINH CITY,1,10.75,106.666
HOCHIMINH CITY,1,10.75,106.666
HONIARA.,1,-9.433,159.95
HUANG ZHOU,1,30.45,114.8
HUELVA,7,37.2546,-6.9451
HUI ZHOU,3,23.083,114.4
HUIZHOU,4,23.083,114.4
HUMEN,1,22.818,113.673
IBICUI,1,-14.8417,-39.9867
ILHEUS,5,-14.788,-39.049
ILLICHIVS'K,2,46.3,30.666
ILLICHIVSK,2,46.3,30.666
IMBITUBA,6,-28.24,-48.67
IMMINGHAM,19,53.6115,-0.224
IMPERIA,1,43.8898,8.0386
IN CHEON,1,37.453,126.731
INCHEON,12,37.453,126.731
IRELAND,1,38.7941,-80.5143
ISKENDERUN,14,36.587,36.173
ISKENDERUN  -,1,36.587,36.173
ISLAND,1,37.445,-87.1442
ISTAMBUL,1,41.013,28.949
ISTANBUL,16,41.013,28.949
ITACOATIARA,4,-3.143,-58.444
ITAGUAI,26,-22.852,-43.775
ITAGUI,1,6.171,-75.611
ITAJAI,2,-26.907,-48.661
ITAQUI,13,-29.125,-56.553
IZMIR,1,38.412,27.138
JAKARTA,10,-6.214,106.845
JEDDAH,14,21.516,39.219
JEJU,3,33.509,126.521
JIA XING,2,30.765,120.748
JIANGDU,1,32.436,119.55
JIAXING,1,30.765,120.748
JIZAN,3,16.889,42.551
JUBAIL,9,27.004,49.661
JURUTI,2,-2.1522,-56.0922
KAKINADA,24,16.933,82.216
KALAMA,5,46.0081,-122.8423
KALAMAKI,1,37.91,23.723
KALAMATA,2,37.038,22.114
KALININGRAD,8,54.71,20.5
KAMSAR,7,10.666,-14.6
KANDALAKSHA,5,67.157,32.411
KANDLA,51,23.033,70.216
KANDLA             !,1,23.033,70.216
KANDLA_,1,23.033,70.216
KARACHI,14,24.905,67.082
KARAIKAL,2,10.916,79.833
KASHIMA,8,35.9659,140.645
KAVALA,1,40.939,24.401
KENDARI,2,-3.945,122.498
KERCH,2,45.357,36.467
KHAWR     FAKKAN,1,25.339,56.356
KHERSON,2,46.633,32.6
KHOLMSK,1,47.051,142.056
KIMBE,6,-5.55,150.142
KISMAAYO,1,-0.358,42.545
KISMAYO,1,-0.358,42.545
KLAIPEDA,17,55.717,21.117
KLANG,9,3.033,101.45
KOH KONG,15,11.617,102.98
KOHKONG,1,11.617,102.98
KOKKOLA,2,63.838,23.13
KOLKATA,1,22.569,88.369
KOPER,10,45.546,13.729
KOPER            #,1,45.546,13.729
KOPING,1,59.514,15.992
KOTA KINABALU,3,5.978,116.0761
KOTAKINABALU,1,5.978,116.0761
KRABI,2,8.072,98.91
KRISTIANSAND,3,58.146,7.995
KUANTAN,12,3.807,103.326
KUCHING,2,1.55,110.333
KUNSAN,4,35.978,126.711
KWANGYANG,16,34.937,127.686
KWINANA,18,-32.25,115.766
KWINANA            !,1,-32.25,115.766
LA GUAIRA,2,10.599,-66.934
LAHAD DATU,2,5.026,118.327
LAHADDATU,1,5.026,118.327
LAI ZHOU,1,37.171,119.921
LAIZHOU,6,37.171,119.921
LAKE CHARLES,1,30.224,-93.2201
LANDSKRONA,1,55.87,12.83
LARNACA,1,34.916,33.629
LHOKNGA,2,5.4769,95.2454
LIAN YUN GANG,13,34.599,119.159
LIAN YUNGANG,4,34.599,119.159
LIANYUN GANG,1,34.599,119.159
LIANYUNGANG,45,34.599,119.159
LIBREVILLE,2,0.383,9.45
LIEPAJA,3,56.516,21.016
LIMASSOL,3,34.675,33.033
LISBOA,1,38.7257,-9.1502
LIVORNO,3,43.5529,10.32
LOBITO,4,-12.348,13.545
LOME,18,6.137,1.212
LOME     !0      !,1,6.137,1.212
LONG KOU,3,37.65,120.328
LONGKOU,31,37.65,120.328
LORIENT,3,47.7502,-3.3668
LUANDA,13,-8.838,13.234
LUDERITZ,2,-26.648,15.159
LULEA,2,65.584,22.154
LUMUT,3,4.233,100.633
MA CAS,4,-2.316,-78.116
MACAPA,3,0.038,-51.066
MACEIO,3,-9.665,-35.735
MADEIRA,1,39.1901,-84.3631
MAHAJANGA,1,-15.716,46.316
MAKASSAR,3,-5.14,119.422
MALABO,2,3.75,8.783
MALE,1,4.174,73.508
MALE _,1,4.174,73.508
MANAUS,1,-3.101,-60.025
MANAUS;),1,-3.101,-60.025
MANFREDONIA,1,41.6303,15.9233
MANGALORE,1,12.866,74.883
MANISTEE,1,44.2417,-86.319
MANTA ECUADOR,1,-0.95,-80.733
MAO MING,1,21.663,110.9254
MAPUTO,20,-25.965,32.589
MARACAIBO,6,10.631,-71.64
MARINA DI CARRARA,1,44.0395,10.0345
MARINETTE,2,45.0998,-87.633
MARIUPOL,39,47.066,37.5
MARIUPOL         #;<,1,47.066,37.5
MARIUPOL         #=,1,47.066,37.5
MARIUPOL         #=0,1,47.066,37.5
MARIVELES,1,14.436,120.485
MASAN,1,35.208,128.572
MATADI,14,-5.816,13.45
MAWLAMYINE,3,16.491,97.625
MERSIN,12,36.795,34.617
MILWAUKEE,6,43.042,-87.9069
MIRI,2,4.383,113.983
MISRATAH,2,32.375,15.092
MO I RANA,1,66.312,14.142
MOA,1,20.656,-74.94
MOBILE,14,30.6865,-88.053
MOKPO,2,34.793,126.388
MOLDE,1,62.737,7.159
MOMBASA,13,-4.055,39.66
MONFALCONE,7,45.8091,13.525
MOREHEAD CITY,1,34.7218,-76.7176
MOROCCO,2,40.9408,-87.4541
MORONI,5,39.5249,-111.5829
MOSTAGANEM,2,35.931,0.089
MUARA SABAK,2,-1.1361,103.8499
MUMBAI,40,19.014,72.847
MUNDRA,35,22.85,69.733
MURMANSK,22,68.971,33.081
MUSCAT,1,23.613,58.593
MYKOLAYIV,3,46.966,32
NADOR,4,35.174,-2.928
NAKHODKA,24,42.833,132.894
NAMIBE,1,-15.196,12.152
NAN JING,5,32.061,118.777
NAN JING ^_^,1,32.061,118.777
NAN  TONG,1,32.03,120.874
NAN TONG,6,32.03,120.874
NANAIMO,1,49.166,-123.936
NANJING,10,32.061,118.777
NANTONG,21,32.03,120.874
NANTONG  '8?1'8,1,32.03,120.874
NAPOLI,1,42.2025,-78.892
NARRA,2,9.268,118.404
NECOCHEA,22,-38.55,-58.75
NEW ORLEANS,62,29.9537,-90.0778
NEW WESTMINSTER,1,49.206,-122.91
NEW YORK,1,40.7146,-74.0071
NEWORLEANS,4,29.9537,-90.0778
NEWPORT NEWS,9,37.0835,-76.4806
NEWPORTNEWS,1,37.0835,-76.4806
NEWWESTMINSTER,1,49.206,-122.91
NING BO,4,29.878,121.549
NING DE,2,26.661,119.522
NINGBO,12,29.878,121.549
NINGDE,3,26.661,119.522
NORDENHAM,1,53.4895,8.4786
NOUADHIBOU,17,20.93,-17.034
NOUAKCHOT T,1,18.1,-15.949
NOUAKCHOTT,7,18.1,-15.949
NOUAKCHOTT      $ %,1,18.1,-15.949
NOUMEA,2,-22.276,166.457
NOVOROSSIYSK,28,44.723,37.77
NOVOROSSIYSK>>,1,44.723,37.77
NUEVA PALMIRA,27,-33.87,-58.408
NUEVA_PALMIRA,1,-33.87,-58.408
OITA,4,33.2397,131.6091
OKTYABRSK,2,49.474,57.423
ONEGA,3,63.92,38.079
ONSLOW,1,42.1068,-91.015
ORISTANO,1,39.906,8.5913
OSHAWA,1,43.9,-78.849
OSKARSHAMN,1,57.264,16.448
P'OHANG,1,36.032,129.365
PADANG,4,-0.949,100.354
PAITA,2,-5.089,-81.114
PALEMBANG,3,-2.916,104.745
PALMA,1,39.5715,2.6469
PANAJI,2,15.483,73.833
PANJANG,6,-5.4759,105.3198
PANJIN,1,41.12,122.0707
PARADIP,42,20.316,86.616
PARAMARIBO,2,5.866,-55.166
PARANAGUA,73,-25.52,-48.509
PARANAGUA   %  ,1,-25.52,-48.509
PASCAGOULA,4,30.3656,-88.5565
PENANG,2,-9.8446,120.2464
PENG LAI,1,37.808,120.75
PENGLAI,1,37.808,120.75
PHUKET,1,7.89,98.398
PIRAEUS,20,37.947,23.637
PISCO,1,-13.7,-76.216
POHANG,13,36.032,129.365
POINT COMFORT,7,28.6827,-96.553
POINTE NOIRE,15,-4.794,11.846
POLICE,5,53.552,14.571
PONTIANAK,2,-0.033,109.333
PORBANDAR,6,21.642,69.609
PORT ALBERNI,1,49.241,-124.802
PORT ALFRED,9,-33.6,26.9
PORT ARTHUR,9,29.8994,-93.9295
PORT AU PRINCE,3,18.539,-72.335
PORT DICKSON,1,2.5299,101.8004
PORT H,2,51.6152,-3.4113
PORT HARCOURT,8,4.777,7.013
PORT  HURON,1,42.9758,-82.4284
PORT HURON,1,42.9758,-82.4284
PORT LOUIS,27,-20.161,57.498
PORT MORESBY,5,-9.443,147.179
PORT OF SPAIN,2,10.666,-61.516
PORT SAID,48,31.28,32.307
PORT SUDAN,7,19.615,37.216
PORT TALBOT,6,51.5914,-3.8023
PORT_SAID,1,31.28,32.307
PORT_SUDAN,1,19.615,37.216
PORT>SAID,1,31.28,32.307
PORTDICKSON,1,2.5299,101.8004
PORTGENTIL,1,-0.716,8.783
PORTMORESBY,1,-9.443,147.179
PORTO ALEGRE,3,-30.033,-51.23
PORTO TORRES,1,40.8335,8.4022
PORTOALEGRE,1,-30.033,-51.23
PORTOF SPAIN,1,10.666,-61.516
PORTSAID,4,31.28,32.307
PORTSUDAN,1,19.615,37.216
POTI,4,42.146,41.671
POZZALLO,6,36.7339,14.8542
PRAIA,2,14.921,-23.508
PUERTO BARRIOS,1,15.7278,-88.5944
PUERTO BOLIVAR,16,-3.2665,-79.9975
PUERTO  CABELLO,1,10.473,-68.012
PUERTO CABELLO,25,10.473,-68.012
PUERTO LA CRUZ,1,10.216,-64.616
PUERTO LIMON,1,9.9907,-83.036
PUERTO MADRYN,1,-42.766,-65.05
PUERTO MONTT,2,-41.471,-72.936
PUERTO PADRE,1,21.195,-76.602
PUERTO PLATA,1,19.8,-70.683
PUERTO_CABELLO,2,10.473,-68.012
PUERTO-CABELLO,1,10.473,-68.012
PUERTOBOLIVAR,1,-3.2665,-79.9975
PUERTOLACRUZ,1,10.216,-64.616
PUNTA ARENAS,1,-53.15,-70.916
PUNTA CARDON,2,11.658,-70.215
PUNTA DE PIEDRA,1,7.6176,-71.4916
PUSAN,18,35.1025,129.0349
PUSAN      :,1,35.1025,129.0349
PUTTALAM,1,8.036,79.828
QI DONG,1,31.811,121.655
QIN HUANG DAO,33,39.931,119.588
QIN  ZHOU,1,21.95,108.616
QIN ZHOU,8,21.95,108.616
QING   DAO,1,36.098,120.371
QING DAO,11,36.098,120.371
QINGDAO,157,36.098,120.371
QINGDAO            !,1,36.098,120.371
QINGDAO  (^;^),1,36.098,120.371
QINHUANGDAO,25,39.931,119.588
QINZHOU,7,21.95,108.616
QUAN ZHOU,2,24.913,118.585
QUANZHOU,4,24.913,118.585
QUEBEC,11,46.812,-71.214
QUEBEC CITY,5,46.812,-71.214
QUY NHON,1,13.766,109.233
RADES,4,36.768,10.275
RAMALLO,2,-33.4848,-60.0071
RAS AL KHAYMAH,1,25.791,55.942
RAYONG,1,12.68,101.257
RAYONG............. ,1,12.68,101.257
RECIFE,8,-8.053,-34.881
REDCAR,2,54.614,-1.0682
RENI,1,45.45,28.283
RI ZHAO,13,35.427,119.455
RI ZHAO.,2,35.427,119.455
RICHARD'S BAY,4,-28.8,32.1
RICHARDS  BAY,3,-28.8,32.1
RICHARDS BAY,91,-28.8,32.1
RICHARDS0BAY,1,-28.8,32.1
RICHARDS-BAY,1,-28.8,32.1
RICHARDSBAY,1,-28.8,32.1
RIJEKA,1,45.343,14.409
RIO BUENO,1,-40.316,-72.966
RIO DE JANEIRO,7,-22.902,-43.207
RIO DE JANEIRO     !,1,-22.902,-43.207
RIVER ROUGE,1,42.2728,-83.1345
RIZHAO,39,35.427,119.455
ROSTOCK,6,54.0791,12.1322
ROSTOV,4,57.191,39.413
ROSTOV ON DON,4,47.236,39.713
ROSTOV_ON_DON,2,47.236,39.713
ROSTOV-NA-DONU,1,47.236,39.713
ROUEN,12,49.4401,1.0894
RUNCORN,1,53.3416,-2.7318
SABINE PASS,1,29.7339,-93.8942
SAFAGA,5,26.733,33.933
SAFI,10,32.299,-9.237
SAGUNTO,3,39.68,-0.2784
SAI GON,2,10.75,106.666
SAIJO,1,33.9198,133.1811
SALALAH,12,17.015,54.092
SALAVERRY,4,-8.221,-78.977
SALDANHA,2,-33.016,17.95
SALERNO,2,40.6735,14.7713
SAMARINDA,85,-0.5,117.15
SAMSUN,2,41.286,36.33
SAN PEDRO DE MACORIS,1,18.461,-69.297
SANDAKAN,1,5.84,118.117
SANGATTA,1,0.5049,117.5279
SANTANDER,3,43.4616,-3.8101
SANTIAGO DE CUBA,2,20.024,-75.821
SANTOS,132,-23.96,-46.333
SAO FRANCISCO,4,-15.948,-44.864
SAO FRANCISCO DO SUL,15,-26.243,-48.638
SAO LUIS,3,-2.529,-44.302
SAO.FRANCISCO.DO.SUL,1,-26.243,-48.638
SAOLUIS,1,-2.529,-44.302
SAPELE,1,5.894,5.676
SARNIA,2,42.978,-82.404
SATUI,2,-3.7818,115.4575
SEATTLE,3,47.6036,-122.3295
SEMARANG,2,-6.993,110.42
SEPT ILES,5,50.2,-66.382
SEPT-ILES,1,50.2,-66.382
SEPT.ILES,1,50.2,-66.382
SERUI,1,-1.8802,136.2426
SETE,1,43.399,3.6962
SETUBAL,4,38.5229,-8.8879
SFAX,5,34.74,10.76
SHAKHTERSK,2,48.046,38.468
SHAN WEI,1,22.781,115.347
SHANG HAI,16,31.222,121.458
SHANGHAI,34,31.222,121.458
SHANGHAI ,1,31.222,121.458
SHANTOU,3,23.368,116.714
SHANWEI,1,22.781,115.347
SHARJAH,2,25.362,55.391
SHEN ZHEN,3,22.545,114.068
SHEN_ZHEN,1,22.545,114.068
SHENZHEN,2,22.545,114.068
SHIPYARD,1,17.8938,-88.6545
SIBOLGA,1,1.742,98.779
SILLAMAE,2,59.399,27.754
SINGAPORE,1060,1.289,103.85
SIRACHA,1,13.173,100.931
SKELLEFTEA,1,64.75,20.952
SKIKDA,5,36.876,6.909
SOLOMON,2,38.916,-97.3717
SOREL TRACY,1,46.033,-73.115
SOUSSE,2,35.825,10.636
SOUTH HAMPTON,1,42.8809,-70.9611
SPLIT,2,43.508,16.439
ST ROSE,1,29.9465,-90.3171
STURGEON  BAY,1,44.8352,-87.3704
STURGEON BAY,1,44.8352,-87.3704
SUBIC,3,14.879,120.234
SUEZ,34,29.966,32.55
SUNDSVALL,3,62.391,17.306
SURATTHANI,1,9.14,99.333
SUVA,1,-18.141,178.441
SWINOUJSCIE,8,53.91,14.247
SYRIA,1,38.491,-78.3317
SYZRAN,2,53.173,48.474
SZCZECIN,5,53.428,14.553
TACOMA,4,47.2551,-122.4416
TAIXING,3,32.166,120.013
TAIXING ,1,32.166,120.013
TALCAHUANO,1,-36.716,-73.116
TAMAN,1,-7.0748,114.0421
TARAKAN,4,3.3,117.633
TARANTO,12,40.4654,17.2505
TARRAGONA,5,41.1169,1.2541
TARTOUS,4,34.889,35.886
TARTUS,1,34.889,35.886
TAURANGA,12,-37.6828,176.1688
TAURANGA           4,1,-37.6828,176.1688
TENERIFE,9,28.4608,-16.2639
TERNEUZEN,2,51.335,3.827
TEXAS,2,45.0756,-89.561
TEXAS CITY,2,29.3928,-94.9251
TEXASCITY,1,29.3928,-94.9251
THA SALA,1,8.6673,99.9308
THASALA,1,8.6673,99.9308
THESSALONIKI,7,40.64,22.943
THUNDER B AY,1,48.4,-89.316
THUNDER  BAY,1,48.4,-89.316
THUNDER BAY,33,48.4,-89.316
THUNDERBAY,6,48.4,-89.316
TIAN   JIN,1,39.142,117.176
TIAN  JIN,1,39.142,117.176
TIAN JIN,38,39.142,117.176
TIAN JIN       ,1,39.142,117.176
TIANJIN,71,39.142,117.176
TILBURY,4,51.4639,0.3502
TIMARU,1,-44.3946,171.2516
TOAMASINA,2,-18.166,49.383
TOCOPILLA,12,-22.091,-70.197
TOCOPILLA          !,1,-22.091,-70.197
TOLIARA,1,-23.35,43.666
TOMAKOMAI,2,42.6341,141.6056
TOPOLOBAMPO,5,25.6008,-109.0523
TOWNSVILLE,5,-19.25,146.8
TOYAMA,1,36.6959,137.2137
TRELLEBORG,0,55.375,13.156
TRINCOMALEE,5,8.571,81.233
TROIS RIVIERES,2,46.35,-72.549
TROIS-RIVIERES,1,46.35,-72.549
TUAPSE,6,44.1,39.074
TUBAN,2,-6.9,112.05
TUBARAO,61,-28.466,-49.006
TURKMENBASHI,6,40.023,52.969
TUY HOA,3,13.083,109.3
TUZLA,6,44.542,18.669
TWO HARBORS,6,47.0257,-91.6663
TYNEMOUTH,1,55.0181,-1.4262
ULSAN,15,35.537,129.316
UMEA,1,63.828,20.259
UNYE,1,41.131,37.282
VANINO,11,49.086,140.254
VASTERAS,1,59.616,16.552
VASTO,1,42.1047,14.706
VENEZUELA,1,21.735,-78.796
VENTSPILS,3,57.389,21.56
VIGO,1,42.2213,-8.7333
VILA DO CONDE,13,41.3536,-8.741
VILLAGARCIA,1,22.1617,-101.9556
VISAKHAPATNAM,5,17.7,83.3
VISHAKHAPATNAM,11,17.7,83.3
VLADIVOSTOK,3,43.105,131.873
VOLOS,5,39.366,22.945
VUNG TAU,6,10.35,107.066
VUNGTAU,4,10.35,107.066
WALVIS BAY,7,-22.957,14.505
WARRI,1,5.516,5.75
WEI FANG,1,36.71,119.101
WEIHAI,1,37.501,122.113
WEN ZHOU,2,27.999,120.666
WENZHOU,1,27.999,120.666
WESTWEGO,1,29.9112,-90.1439
WEWAK,1,-3.55,143.633
WHANGAREI,1,-35.7273,174.32
WHYALLA,5,-33.033,137.583
WILHELMSHAVEN,2,53.5196,8.1117
WONSAN,1,39.152,127.443
WUSONG,2,30.95,117.783
XIA MEN,13,24.479,118.081
XIAMEN,15,24.479,118.081
YALOVA,5,40.655,29.276
YAN TAI,2,37.533,121.4
YAN-TAI,1,37.533,121.4
YANG JIANG,3,21.85,111.966
YANG ZHOU,2,32.397,119.435
YANGJIANG,2,21.85,111.966
YANGON,5,16.805,96.156
YANTAI,14,37.533,121.4
YAROSLAVL',1,57.629,39.873
YEOSU,6,34.744,127.737
YEOSU ,1,34.744,127.737
YEOSU(,1,34.744,127.737
YING KOU,1,40.668,122.224
YIZHENG,1,32.269,119.178
YOKOHAMA,3,35.4447,139.6422
YOSU,8,34.744,127.737
YOSU ,1,34.744,127.737
YOSU !,1,34.744,127.737
YUZHNYY,9,53.254,83.693
ZARATE,1,-34.092,-59.035
ZHAN JIANG,4,21.281,110.342
ZHANG JIA GANG,8,31.865,120.538
ZHANG JIAGANG,1,31.865,120.538
ZHANG ZHOU,10,24.513,117.655
ZHANGJIAGANG,17,31.865,120.538
ZHANGZHOU,6,24.513,117.655
ZHANJIANG,21,21.281,110.342
ZHANJIANG\,1,21.281,110.342
ZHANJIANG#,1,21.281,110.342
ZHEN JIANG,6,32.209,119.434
ZHENJIANG,11,32.209,119.434
ZHENJIANG/,1,32.209,119.434
ZHUHAI,22,22.276,113.567
