count,country,ship
     99,"ARGENTINA","ANASTASIA"
    124,"ARGENTINA","CANON TRADER I"
     68,"ARGENTINA","CRETAN WAVE"
     84,"ARGENTINA","MINOAN FALCON"
     59,"ARGENTINA","ORIENT TARGET"
    123,"AUSTRALIA","ALPHA FAITH"
     13,"AUSTRALIA","ALPHA HAPPINESS"
     34,"AUSTRALIA","ALTAIR DREAM"
     57,"AUSTRALIA","AM ZENICA"
    113,"AUSTRALIA","ATHENIAN PHOENIX"
     85,"AUSTRALIA","BLUE LHOTSE"
     28,"AUSTRALIA","CAPE EUROPE"
     54,"AUSTRALIA","CAPE ISTANBUL"
    110,"AUSTRALIA","CAPE VENTURE"
    236,"AUSTRALIA","CHANG HO"
    137,"AUSTRALIA","CHINA TRIUMPH"
    132,"AUSTRALIA","DARYA SHANTHI"
    234,"AUSTRALIA","DARYA TARA"
     90,"AUSTRALIA","ETERNAL POWER"
    104,"AUSTRALIA","GRANDE SOLARIS"
     12,"AUSTRALIA","HANJIN SHIKOKU"
     49,"AUSTRALIA","K.ASTER"
     29,"AUSTRALIA","K.HOPE"
    250,"AUSTRALIA","KMAX RULER"
     39,"AUSTRALIA","KSL SINGAPORE"
     81,"AUSTRALIA","MAGDALENA OLDENDORFF"
     38,"AUSTRALIA","MV MARIGOLD"
     88,"AUSTRALIA","NAVIOS FANTASTIKS"
     88,"AUSTRALIA","NAVIOS GALAXY I"
     69,"AUSTRALIA","OITA MARU"
    106,"AUSTRALIA","PSU CHILE"
     82,"AUSTRALIA","PUGNANI"
     32,"AUSTRALIA","Q GAYLE"
    272,"AUSTRALIA","RTM GLADSTONE"
    614,"AUSTRALIA","RTM WAKMATHA"
    132,"AUSTRALIA","SEA MAPLE"
     25,"AUSTRALIA","SEASTRENGTH"
     76,"AUSTRALIA","SPARTA"
     38,"AUSTRALIA","TIAN FA HAI"
     58,"AUSTRALIA","TOM PRICE"
     85,"AUSTRALIA","UNIVERSAL1"
      7,"AUSTRALIA","ZOSCO SHANGHAI"
    114,"BRAZIL","APELLIS"
    376,"BRAZIL","BAKKEDAL"
    544,"BRAZIL","BULK JULIANA"
    492,"BRAZIL","CAPE FLATTERY"
     69,"BRAZIL","CEMENTOS CANTABRICO"
     31,"BRAZIL","CLEARWATER BAY"
    121,"BRAZIL","CRUX"
    114,"BRAZIL","JAG AARATI"
    428,"BRAZIL","KOSZALIN"
    324,"BRAZIL","LADY DORIS"
    125,"BRAZIL","NIMERTIS"
    336,"BRAZIL","NORD MONTREAL"
    122,"BRAZIL","ORIENT ACCORD"
    276,"BRAZIL","PRETTY LADY"
     86,"BRAZIL","PUNA"
    120,"BULGARIA","AGIOSNIKOLAS"
     32,"BULGARIA","INCE EGE"
     86,"BULGARIA","INDRA  II"
     20,"BULGARIA","PRINCESS MARIA"
    101,"BULGARIA","YUAN AN HAI"
    393,"CANADA","ACHILLES"
    378,"CANADA","ALAM MANIS"
    177,"CANADA","ALETHINI"
    135,"CANADA","ASIAN BLOSSOM"
    129,"CANADA","ASSIMINA"
    378,"CANADA","ASTORIA"
    372,"CANADA","ATLANTIC BRIDGE"
    324,"CANADA","ATLANTIC MERIDA"
    164,"CANADA","AURORA BULKER"
    157,"CANADA","AVENTICUM"
     70,"CANADA","BAHRI BULK"
    300,"CANADA","CAROLA"
    366,"CANADA","CHRISTINE B"
      7,"CANADA","CSL NIAGARA"
    126,"CANADA","DANGJIN"
    447,"CANADA","ELVIRA BULKER"
    372,"CANADA","ERBAYERN"
    378,"CANADA","ERO L"
    489,"CANADA","FPMC B HARMONY"
    345,"CANADA","GIOVANNI BOTTIGLIERI"
    372,"CANADA","GLORY NAVIGATOR"
    366,"CANADA","GLYFADA I"
    402,"CANADA","GREAT PROSPERITY"
    324,"CANADA","HARUKA"
    375,"CANADA","HONG YUAN"
    168,"CANADA","ICARUS"
    336,"CANADA","INGRID C"
    408,"CANADA","JOSCO CHANGZHOU"
    124,"CANADA","JULIA OLDENDORFF"
    387,"CANADA","K.OPAL"
    363,"CANADA","KRANIA"
     87,"CANADA","LARA"
    138,"CANADA","MAPLE OCEAN"
    366,"CANADA","MAVERICK GUARDIAN"
    369,"CANADA","MISS SIMONA"
    363,"CANADA","MV AFOVOS"
     18,"CANADA","MV TRUST STAR"
    273,"CANADA","NAVIOS ORIANA"
    375,"CANADA","NEW HISTORY"
    351,"CANADA","NORD DELPHINUS"
    411,"CANADA","OCEAN GLORY"
    393,"CANADA","ODIRIS"
    378,"CANADA","OLYMPUS"
    363,"CANADA","PRABHU PARVATI."
    561,"CANADA","ROYAL INNOVATION"
    363,"CANADA","SAMOS WARRIOR"
      9,"CANADA","SEA LADY"
    366,"CANADA","SM AURORA"
    180,"CANADA","STAR GEORGIA"
    393,"CANADA","STAR LILY"
    372,"CANADA","STAR SIRIUS"
     75,"CANADA","TECUMSEH"
    564,"CANADA","TURICUM"
    681,"CANADA","ULTRA ROCANVILLE"
    132,"CANADA","ULTRA SASKATOON"
    420,"CANADA","WHITE HAWK"
    175,"CHILE","ALOE"
     95,"CHILE","AMSTEL FALCON"
    125,"CHILE","GUMA"
    128,"CHILE","MAEMI PIONEER"
    122,"CHILE","OCEAN ANGEL"
    124,"CHILE","ORIENT LUCKY"
    123,"CHILE","SKY KNIGHT"
    187,"CHILE","WINNING BRIGHT"
     94,"CHILE","YUAN SHUN HAI"
    240,"CHINA","ANNA S"
    208,"CHINA","AN PING 3"
      7,"CHINA","AOLI 5"
     30,"CHINA","ARISO"
    476,"CHINA","ATHINA CARRAS"
    720,"CHINA","ATOUT"
      8,"CHINA","AUDAX"
     42,"CHINA","AURORA VENUS"
     24,"CHINA","BAHIA 1"
    360,"CHINA","BALTIC WIND"
    116,"CHINA","BAO CHANG"
     20,"CHINA","BAOFENG"
     24,"CHINA","BAOJI"
    176,"CHINA","BEI LUN HAI 27"
     94,"CHINA","BERGE APO"
     96,"CHINA","BEST TRADER"
    744,"CHINA","BEST VISION"
     12,"CHINA","BRASIL SW"
     51,"CHINA","BULK ORION"
    156,"CHINA","BULK SPAIN"
    632,"CHINA","BULK SWITZERLAND"
     27,"CHINA","CAPE FLAMINGO"
    428,"CHINA","CAPE OSPREY"
     21,"CHINA","CCS ANGEL"
    756,"CHINA","CEMTEX PIONEER"
    576,"CHINA","CHANGHANGCANGHAI"
     38,"CHINA","CHANG HANG FAN HAI"
    113,"CHINA","CHANGHANGRUNHAI"
    256,"CHINA","CHANNEL ALLIANCE"
    194,"CHINA","CHITRAL"
      3,"CHINA","CHRIS GR"
      6,"CHINA","CMB YASMINE"
     78,"CHINA","COLLONGES"
    726,"CHINA","CONSTANTIA"
    105,"CHINA","CORIO BAY"
    312,"CHINA","CORNAVIN"
     22,"CHINA","COS GLORY"
    354,"CHINA","COUNTESS SEA"
     54,"CHINA","C.WINNER"
    100,"CHINA","DAE PUNG"
     54,"CHINA","DARYA SHANTHI"
    138,"CHINA","DA SHEN"
    324,"CHINA","DA TANG 2 HAO"
    103,"CHINA","DENG ZHOU HAI"
    216,"CHINA","DENSA COBRA"
    339,"CHINA","DENSA FALCON"
    242,"CHINA","DONG JIANG HAI"
    238,"CHINA","DONG JIANG MING"
      2,"CHINA","DORO"
     26,"CHINA","DOUBLE HAPPINESS"
    208,"CHINA","DUBAI GALACTIC"
    118,"CHINA","EASTERN GLAMOUR"
     34,"CHINA","ECO DISCOVERY"
      5,"CHINA","EQUINOX AGNANDOUSSA"
    472,"CHINA","ERGINA LUCK"
     26,"CHINA","FENGI"
    264,"CHINA","FLORENCE D"
    226,"CHINA","FORTUNE STAR"
    116,"CHINA","FORTUNE SUN"
    156,"CHINA","FPMC B 104"
     64,"CHINA","FPMC B 105"
      5,"CHINA","FULVIA"
    156,"CHINA","FU RONG FENG"
     78,"CHINA","FU XING 6"
    714,"CHINA","FU XING 7"
    345,"CHINA","GAO QIANG"
     32,"CHINA","GENEROUS"
    178,"CHINA","GLOBAL BAY"
    240,"CHINA","GLOBAL VANGUARD"
    117,"CHINA","GLORY ENERGY"
    226,"CHINA","GNG CONCORD 1"
     18,"CHINA","GOLDENEYE"
     48,"CHINA","GOLDEN HOPE"
      6,"CHINA","GOLDEN STAR"
     75,"CHINA","GONG YIN 1"
    714,"CHINA","GREAT HEBEI"
    756,"CHINA","GREAT TANG"
    345,"CHINA","GREEN HARVEST"
    300,"CHINA","GUANGZHONG"
    117,"CHINA","GUO DIAN 12"
     94,"CHINA","GUO SHUN 9"
    115,"CHINA","HAI KANG"
    108,"CHINA","HALUS"
    480,"CHINA","HBIS SUNRISE"
    138,"CHINA","HC JANA-ROSA"
    558,"CHINA","HE BANG"
     89,"CHINA","HONG PROSPERITY"
    182,"CHINA","HUA HAI HANG 1"
    198,"CHINA","HUA HAI HANG 3"
     42,"CHINA","HUA RONG 3"
    484,"CHINA","HUASHUNHAI"
     39,"CHINA","HW HARVEST"
     28,"CHINA","JERVIS BAY"
     93,"CHINA","JIA HE HANG YUN 1"
     88,"CHINA","JIA YONG SHAN"
    222,"CHINA","JIN GUANG LING"
    154,"CHINA","JIN HAI FU"
     56,"CHINA","JIN HAI OU"
     12,"CHINA","JIN HAI XIN"
      4,"CHINA","JIN LANG"
     85,"CHINA","JIN PING"
     30,"CHINA","JIU LONG FENG"
     10,"CHINA","JOHN M CARRAS"
      1,"CHINA","JR.SPRING"
    306,"CHINA","KESARI PREM"
    528,"CHINA","KG COEN"
    330,"CHINA","LAKE DEER"
      6,"CHINA","LALIS D"
    118,"CHINA","LEADING BRAVERY"
     48,"CHINA","LOWLANDS BRILLIANCE"
    124,"CHINA","LUCKY STAR"
    364,"CHINA","MARY GORGIAS"
    720,"CHINA","MASTER"
    216,"CHINA","MEDI PAESTUM"
    114,"CHINA","MELPOMENI"
     66,"CHINA","MG SHIPPING"
    464,"CHINA","MING ZHOU 58"
     50,"CHINA","MING ZHOU6"
    270,"CHINA","MOUNT OPHIR"
    172,"CHINA","MV XIN PENG"
     72,"CHINA","NATZUTEC"
    324,"CHINA","NEW HORIZON"
     26,"CHINA","NICOLAOS A"
    120,"CHINA","NING AN 3"
     31,"CHINA","NING AN 5"
    230,"CHINA","NING AN 9"
    378,"CHINA","OCEAN ECHO"
    708,"CHINA","OCEAN RIDER"
     52,"CHINA","PACIFIC ARGOSY"
    119,"CHINA","PACIFIC ENERGY"
     48,"CHINA","PACIFIC SCORPIO"
    354,"CHINA","PALMA BULKER"
    234,"CHINA","PHILADELPHIA"
    120,"CHINA","PHOENIX BEAUTY"
    588,"CHINA","PHOENIX OCEAN"
    762,"CHINA","POLA UGLICH"
    147,"CHINA","PORT ESTORIL"
    352,"CHINA","PREMIERSHIP"
    232,"CHINA","QI CHEN"
    678,"CHINA","REDONDO"
     62,"CHINA","SAMJOHN LEGACY"
    702,"CHINA","SCF SUEK"
      4,"CHINA","SEACON 9"
    678,"CHINA","SEA FUTURE"
     14,"CHINA","SELECTA"
    232,"CHINA","SHANDONG CHONG WEN"
     30,"CHINA","SHENG SHI 1"
    339,"CHINA","SHEN HUA 801"
    244,"CHINA","SHI DAI 11"
    786,"CHINA","SHI DAI 2"
    468,"CHINA","SHOURONG HARMONY"
    109,"CHINA","SIDER GLADIATOR"
     18,"CHINA","SILVER MASTER"
     90,"CHINA","SPRING BREEZE"
    100,"CHINA","SPRING SAMCHEONPO"
    408,"CHINA","STAR ANGELINA"
    326,"CHINA","STAR NASIA"
      3,"CHINA","STELLA ANNABEL"
     52,"CHINA","STOVE TRADITION"
     81,"CHINA","SUNNY OCEAN"
     12,"CHINA","TAI GANG"
     89,"CHINA","TAI HANG 3"
    178,"CHINA","TAI HANG 6"
    678,"CHINA","TAMPA"
     32,"CHINA","TENKO MARU"
    226,"CHINA","TIAN SHENG 15"
      3,"CHINA","TIAN SHENG 17"
    392,"CHINA","TOFTE 1"
     61,"CHINA","TRANS FRIENDSHIP I"
    180,"CHINA","TRITON HAWK"
    202,"CHINA","TRITON SEAHAWK"
     36,"CHINA","TUO ZHAN 1"
    468,"CHINA","TURMALIN"
    126,"CHINA","U NOBLE"
     88,"CHINA","VERA 9"
    114,"CHINA","W-ACE"
    222,"CHINA","WADI ALBOSTAN"
    119,"CHINA","WADI SUDR"
    352,"CHINA","WESTERN MAPLE"
    168,"CHINA","WISE I"
      2,"CHINA","XIANGZHI"
    726,"CHINA","XINDAJIANG"
    110,"CHINA","XING HENG DA"
      8,"CHINA","XING SHUN"
    291,"CHINA","XIN LV BAO SHI"
    696,"CHINA","XIN TANG SHAN HAI 1"
    117,"CHINA","XUAN THANH 18"
    117,"CHINA","YASA DREAM"
    402,"CHINA","YIN DONG"
    118,"CHINA","YING SHUN"
    450,"CHINA","YIN NIAN"
    154,"CHINA","YINSHI"
    190,"CHINA","YONG JIA"
    348,"CHINA","YUE DIAN 4"
      3,"CHINA","YU LIN HAI"
    726,"CHINA","ZHE HAI 151"
    132,"CHINA","ZHE HAI 161"
    106,"CHINA","ZHENFEN 17"
     16,"CHINA","ZHENG HUI"
    714,"CHINA","ZHONG CHANG 68"
    708,"CHINA","ZHONG TENG HAI"
      4,"CHINA","ZHONG XIN PEARL"
     84,"CHINA","ZILOS"
    128,"GERMANY","AP JADRAN"
     22,"GREECE","EVIA ISLAND"
     58,"GREECE","MV ADAMAS"
    252,"HONG KONG/CHINA","ANDA NO66"
     84,"HONG KONG/CHINA","CHANG HANG HUAI HAI"
    658,"HONG KONG/CHINA","CHANG HANG ZE HAI"
    826,"HONG KONG/CHINA","EVGENIA"
    994,"HONG KONG/CHINA","FAKARAVA"
     98,"HONG KONG/CHINA","GUANG MING FENG"
   1554,"HONG KONG/CHINA","JIN HAI HUA"
     98,"HONG KONG/CHINA","JIN HENG"
    126,"HONG KONG/CHINA","JIN RONG"
    378,"HONG KONG/CHINA","KARPATY"
    112,"HONG KONG/CHINA","MANDARIN SINGAPORE"
    896,"HONG KONG/CHINA","NAVIOS ETOILE"
    476,"HONG KONG/CHINA","NEW CREATION"
    798,"HONG KONG/CHINA","PACIFIC SCORPIO"
    112,"HONG KONG/CHINA","POAVOSA BRAVE"
    742,"HONG KONG/CHINA","RUI FU STAR"
   1358,"HONG KONG/CHINA","STAR PLANET"
    434,"HONG KONG/CHINA","TEAM QUEST"
    518,"HONG KONG/CHINA","YA TAI 1"
    154,"HONG KONG/CHINA","YUE DIAN 51"
   1106,"HONG KONG/CHINA","YUTAI AMBITIONS"
    366,"INDIA","AENEAS"
    354,"INDIA","AGIA FILOTHEI"
     21,"INDIA","AP DRZIC"
    237,"INDIA","ASIA ZIRCON 1"
    351,"INDIA","AVOCET"
    342,"INDIA","BADRI PRASAD"
    348,"INDIA","BULK PORTUGAL"
    129,"INDIA","CHANDI PRASAD"
    270,"INDIA","CHENNAI JAYAM"
      3,"INDIA","CORINTH"
    375,"INDIA","DL LILAC"
    432,"INDIA","EASTERN SUN"
    348,"INDIA","ENERGY GLOBE"
     33,"INDIA","EPHESUS"
     12,"INDIA","GENCO SUCCESS"
    156,"INDIA","JAG RAHUL"
    345,"INDIA","JAG RISHI"
     75,"INDIA","MP PANAMAX 4"
    342,"INDIA","M.V.GEM OF PARADIP"
    327,"INDIA","M.V.SANMAR PHOENIX"
     87,"INDIA","PACIFIC PAMELA"
    345,"INDIA","PUFFIN BULKER"
    351,"INDIA","QUEEN HALO"
    366,"INDIA","RED QUEEN"
    348,"INDIA","SANTA CATALINA"
    351,"INDIA","SHRAVAN"
    345,"INDIA","SIDERAKI"
    282,"INDIA","SIOUXMAIDEN"
    261,"INDIA","SLETTNES"
    354,"INDIA","TRANS AUTUMN"
    303,"INDIA","TROPICAL PEGASUS"
     45,"INDIA","VISHWA UDAY"
    345,"INDIA","WHITE FIN"
    348,"INDIA","YASA ILHAN"
      4,"INDONESIA","AVRA"
      3,"INDONESIA","DAN NO.1"
      4,"INDONESIA","DN MILLET"
      3,"INDONESIA","FEISTY KAREN"
      1,"INDONESIA","NUR ALLYA"
      1,"INDONESIA","PARISIANA"
     18,"ITALY","BEKS HALIL"
     19,"ITALY","DESPINA"
    121,"ITALY","GALIO"
     58,"ITALY","GENCO LOIRE"
     62,"ITALY","KING COFFEE"
     21,"ITALY","WUCHANG"
     11,"JAPAN","ALEXANDROS III"
    112,"JAPAN","CSE PROSPERITY EXPR"
    113,"JAPAN","GLOBAL INNOVATOR"
    138,"LATVIA","WILSON ROUGH"
    121,"MALTA","CAPE TAVOR"
      5,"MALTA","DEMETRIOS B"
    121,"MALTA","KM YOKOHAMA"
    121,"MEXICO","ATLANTIC MAZATLAN"
      9,"MEXICO","ATLANTIC PROGRESS"
     73,"MEXICO","DORIS"
    119,"MEXICO","DRAWSKO"
     52,"MEXICO","INCE HAMBURG"
      5,"MEXICO","MARINA K"
    122,"MEXICO","OCEAN PEARL"
      1,"MEXICO","SAINT FANOURIS"
    123,"MEXICO","SHAN HAI"
     24,"MEXICO","WHISTLER"
    122,"MEXICO","ZEALAND ZARIA"
     24,"MYANMAR","ANDA RAYA"
      4,"MYANMAR","ARISTIMO"
      6,"MYANMAR","BAO AN LING"
      2,"MYANMAR","HOA BINH 45"
      6,"MYANMAR","LORETO"
     86,"NAMIBIA","AMITY"
      8,"NAMIBIA","BOLD VOYAGER"
    119,"NAMIBIA","RED MISTRAL"
    125,"NAMIBIA","SOLANJO"
    170,"NEW ZEALAND","K.PLUTO"
    156,"NEW ZEALAND","PHOENIX ISLAND II"
     40,"NEW ZEALAND","WESTPORT"
     28,"PHILIPPINES","ANACAPA LIGHT"
     31,"PHILIPPINES","AZUL VICTORIA"
     23,"PHILIPPINES","BERGE NEBLINA"
    123,"PHILIPPINES","GOONYELLA TRADER"
     32,"PHILIPPINES","KMAX  VISION"
     84,"POLAND","CHIARA DAMATO"
     70,"POLAND","DONNACONA"
     56,"POLAND","JUNO"
    238,"POLAND","PISTI"
     45,"RUSSIA","DEZHOUHAI"
     89,"RUSSIA","DIA YUAN"
     56,"RUSSIA","FPMC B 107"
    131,"RUSSIA","FPMC B 201"
     82,"RUSSIA","GLORIA HAYNE"
     34,"RUSSIA","HARVEST"
    121,"RUSSIA","HUA DA SHAN"
     81,"RUSSIA","IMPERIAL EAGLE"
     12,"RUSSIA","INLACO ACCORD"
     39,"RUSSIA","KANAK PREM"
    119,"RUSSIA","LIAN HUA"
     20,"RUSSIA","MEI HUA HAI"
      1,"RUSSIA","NEWLEAD MARKELA"
     16,"RUSSIA","OCEAN GREAT"
    119,"RUSSIA","OCEAN HAPPY"
     68,"RUSSIA","PAC STAR"
     73,"RUSSIA","PANTERA ROSA"
    121,"RUSSIA","SINOCHART BEIJING"
     24,"RUSSIA","TAO ACE"
    122,"RUSSIA","UNICO ANNA"
    120,"RUSSIA","ZHI JING"
    123,"RUSSIA","ZHI XIANG"
     80,"SAUDI ARABIA","FYLA"
    119,"SAUDI ARABIA","INA-LOTTE"
    124,"SENEGAL","ASTRA"
    123,"SENEGAL","GENCO MARINE"
    116,"SENEGAL","GOLDEN STAR"
    131,"SENEGAL","JS MEKONG"
     88,"SENEGAL","LUCKY TRADER"
    118,"SENEGAL","NORDIC SUZHOU"
    155,"SENEGAL","RISING HARRIER"
     54,"SOUTH AFRICA","AEOLIAN SPIRIT"
     32,"SOUTH AFRICA","ALIKI"
    338,"SOUTH AFRICA","AMANDA"
    140,"SOUTH AFRICA","ANANGEL DAWN"
    157,"SOUTH AFRICA","ANANGEL NOBILITY"
    264,"SOUTH AFRICA","ANIKITOS"
      8,"SOUTH AFRICA","AN NING"
    208,"SOUTH AFRICA","APPALOOSA"
    113,"SOUTH AFRICA","AQUADONNA"
    266,"SOUTH AFRICA","AQUAGEM"
    225,"SOUTH AFRICA","ASIA EMERALD III"
    268,"SOUTH AFRICA","ASIA PEARL V"
     29,"SOUTH AFRICA","ATHINA"
     65,"SOUTH AFRICA","ATHINA L"
    148,"SOUTH AFRICA","AZUR"
    369,"SOUTH AFRICA","BALTHAZAR"
    375,"SOUTH AFRICA","BERGEN TRADER I"
     93,"SOUTH AFRICA","BERGE STAHL"
     90,"SOUTH AFRICA","BERGE YOTEI"
    236,"SOUTH AFRICA","BLU TIDE"
    204,"SOUTH AFRICA","BRILLIANT PIONEER"
      3,"SOUTH AFRICA","BULK PANGAEA"
     33,"SOUTH AFRICA","CAPE AMANDA"
    118,"SOUTH AFRICA","CAPE FRONTIER"
     66,"SOUTH AFRICA","CAPE NORMANDY"
     85,"SOUTH AFRICA","CAPE PROVIDENCE"
    126,"SOUTH AFRICA","CAPE VENI"
    338,"SOUTH AFRICA","CAPTAIN HARRY"
    115,"SOUTH AFRICA","CERBA"
    138,"SOUTH AFRICA","CHARIKLIA JUNIOR"
    154,"SOUTH AFRICA","CHRISTINA L"
    109,"SOUTH AFRICA","CONTI SPINELL"
    119,"SOUTH AFRICA","CYGNUS OCEAN"
     14,"SOUTH AFRICA","CYMBELINE"
    280,"SOUTH AFRICA","DELOS"
    218,"SOUTH AFRICA","DENALI"
    234,"SOUTH AFRICA","DOUBLE PROGRESS"
    101,"SOUTH AFRICA","DRACO"
    303,"SOUTH AFRICA","EDWIN"
     10,"SOUTH AFRICA","EIDER"
     71,"SOUTH AFRICA","E.R. BORNEO"
    262,"SOUTH AFRICA","FILIA GLORY"
    208,"SOUTH AFRICA","FREEDOM LINE"
    274,"SOUTH AFRICA","GALLANT JOHN"
    112,"SOUTH AFRICA","GENCO AUGUSTUS"
     72,"SOUTH AFRICA","GENCO CONSTANTINE"
      7,"SOUTH AFRICA","GENCO LEADER"
    114,"SOUTH AFRICA","GEORGIOS S"
    276,"SOUTH AFRICA","GLOBAL STAR"
     60,"SOUTH AFRICA","GLORIANA"
    390,"SOUTH AFRICA","GUO TOU 301"
    176,"SOUTH AFRICA","HANJIN NEWCASTLE"
    339,"SOUTH AFRICA","HANJIN SINES"
     33,"SOUTH AFRICA","HEILAN BRIGHT"
    240,"SOUTH AFRICA","HEPHAESTUS"
     54,"SOUTH AFRICA","HONEST SKY"
      2,"SOUTH AFRICA","HOUSTON"
    272,"SOUTH AFRICA","INASE"
    198,"SOUTH AFRICA","INSPIRATION"
     47,"SOUTH AFRICA","JAG ARJUN"
    390,"SOUTH AFRICA","JS AMAZON"
    120,"SOUTH AFRICA","JS COLORADO"
    254,"SOUTH AFRICA","KARAVADOS"
    250,"SOUTH AFRICA","KIBALI"
     47,"SOUTH AFRICA","KING SUGAR"
     93,"SOUTH AFRICA","KYRA PANAGHIA"
    165,"SOUTH AFRICA","LEDA"
    207,"SOUTH AFRICA","LONG FU STAR"
    210,"SOUTH AFRICA","LOTUS SUN"
    111,"SOUTH AFRICA","LYDIA CAFIERO"
    268,"SOUTH AFRICA","MAGSENGER 10"
     10,"SOUTH AFRICA","MAGSENGER 8"
    100,"SOUTH AFRICA","MARITIME HARMONY"
     30,"SOUTH AFRICA","MASTER"
      4,"SOUTH AFRICA","MEHMET AKSOY"
    180,"SOUTH AFRICA","MIRAFLORES"
     56,"SOUTH AFRICA","M.V.BERGEBUREYA"
     46,"SOUTH AFRICA","M.V.GOLDEN DIAMOND"
    152,"SOUTH AFRICA","M.V.GOLDEN RUBY"
    270,"SOUTH AFRICA","MV IKAN SIAKAP"
    255,"SOUTH AFRICA","MYKONOS SEAS"
     19,"SOUTH AFRICA","MYRSINI"
     79,"SOUTH AFRICA","NAVIOS LIBRA 2"
     52,"SOUTH AFRICA","NAVIOS RAY"
    102,"SOUTH AFRICA","NEW SPIRIT"
    298,"SOUTH AFRICA","NICOLEMY"
     12,"SOUTH AFRICA","NINE FRONTIER"
    210,"SOUTH AFRICA","NORD FLEX"
    272,"SOUTH AFRICA","NORD GLORY"
     32,"SOUTH AFRICA","NORDIC STADE"
    204,"SOUTH AFRICA","NORD MARU"
     33,"SOUTH AFRICA","NORFOLK"
    450,"SOUTH AFRICA","NOVA  GORICA"
     94,"SOUTH AFRICA","OCEAN CRYSTAL"
    225,"SOUTH AFRICA","OCEAN CYGNUS"
    141,"SOUTH AFRICA","OCEAN SAPPHIRE"
    230,"SOUTH AFRICA","OLYMPIC PROGRESS"
     34,"SOUTH AFRICA","ORIENT CAVALIER"
     15,"SOUTH AFRICA","ORIENT CRUSADER"
     46,"SOUTH AFRICA","ORIENT DELIVERY"
    190,"SOUTH AFRICA","ORIENT LOTUS"
    256,"SOUTH AFRICA","ORIENT ORCHID"
     80,"SOUTH AFRICA","PICTOR"
     39,"SOUTH AFRICA","PILION"
    102,"SOUTH AFRICA","PLATON"
    164,"SOUTH AFRICA","PONTONIKIS"
     14,"SOUTH AFRICA","Q SUE"
     72,"SOUTH AFRICA","RED JACKET"
    300,"SOUTH AFRICA","RICH FUTURE"
     42,"SOUTH AFRICA","SAM JAGUAR"
     51,"SOUTH AFRICA","SANTA URSULA"
    572,"SOUTH AFRICA","SENTINEL"
    522,"SOUTH AFRICA","SHANDONG HAI DA"
    336,"SOUTH AFRICA","SHEARWATER"
    250,"SOUTH AFRICA","SHOU CHEN SHAN"
     11,"SOUTH AFRICA","SIBERIAN EXPRESS"
     18,"SOUTH AFRICA","SKYTHIA"
    288,"SOUTH AFRICA","SOLDOY"
     66,"SOUTH AFRICA","SSI GLORIOUS"
    354,"SOUTH AFRICA","STELLA FLORA"
    192,"SOUTH AFRICA","SUCHADA NAREE"
    200,"SOUTH AFRICA","SVINOY"
      9,"SOUTH AFRICA","TAI PROFIT"
    104,"SOUTH AFRICA","TAI PROSPERITY"
     42,"SOUTH AFRICA","TAMAR"
    381,"SOUTH AFRICA","TAO BRAVE"
    204,"SOUTH AFRICA","TIAN BAO HAI"
     81,"SOUTH AFRICA","TRANS OCEAN PROGRESS"
     12,"SOUTH AFRICA","ULUSOY-12"
     42,"SOUTH AFRICA","UNITED STARS"
     69,"SOUTH AFRICA","WISDOM OF THE SEA 1"
    308,"SOUTH AFRICA","YILDIZLAR 2"
    441,"SOUTH AFRICA","YUAN ZHEN HAI"
     20,"SOUTH KOREA","ALAM PENTING"
      8,"SOUTH KOREA","ALETHINI"
    224,"SOUTH KOREA","CARIBBEAN ID"
    156,"SOUTH KOREA","DAEBO IBT"
    194,"SOUTH KOREA","DONG-A ERATO"
     66,"SOUTH KOREA","ELSE"
    176,"SOUTH KOREA","FANTASY STAR"
    226,"SOUTH KOREA","FIGALIA NAVIGATOR"
    180,"SOUTH KOREA","FLAG EVI"
     74,"SOUTH KOREA","GRAND FUTURE"
    276,"SOUTH KOREA","IKAN BAGAT"
    134,"SOUTH KOREA","KESARI PREM"
    210,"SOUTH KOREA","LITTLE PRINCE"
     64,"SOUTH KOREA","MARY F"
    140,"SOUTH KOREA","M.V. CHOKANG SUNRISE"
     62,"SOUTH KOREA","MV STAR KAPPA"
    166,"SOUTH KOREA","PAN IRIS"
      2,"SOUTH KOREA","RYOGA"
     36,"SOUTH KOREA","SEA OF FUTURE"
    100,"SOUTH KOREA","TOPAS"
     14,"TURKEY","CAPE LEGACY"
    147,"TURKEY","TANGO SEA"
     48,"TURKEY","ULUSOY-9"
     28,"UKRAINE","ALPHA ERA"
     80,"UKRAINE","ANGARA"
    100,"UKRAINE","GOLDEN LYDERHORN"
     73,"UKRAINE","KANARIS"
     74,"UKRAINE","LADY SALIHA"
      3,"UKRAINE","LION"
      1,"UKRAINE","MICHALAKIS"
      2,"UKRAINE","MV MASTER ISMAIL"
     50,"UKRAINE","NASCO JADE"
      3,"UKRAINE","SIDER KING"
    106,"URUGUAY","ANDALUCIA"
    110,"URUGUAY","ECOLA"
    117,"URUGUAY","MELODY"
     65,"URUGUAY","SEAGULL WIND"
     76,"URUGUAY","STELLAR SUNRISE"
     16,"USA","AEOLOS"
     33,"USA","AFRICAN SUNBIRD"
     16,"USA","ALMENDRO"
     26,"USA","AM QUEBEC"
    176,"USA","ANDROS"
     27,"USA","ANNA MARIA"
    192,"USA","ANSAC PRIDE"
    104,"USA","ARAMIS"
    125,"USA","ASIA PEARL I"
    111,"USA","AS VIRGINIA"
    252,"USA","ATLANTIC ALTAMIRA"
     77,"USA","ATLANTIC DREAM"
     20,"USA","ATLANTIC OASIS"
    133,"USA","ATLANTIC SUPERIOR"
     48,"USA","ATLANTIC TREASURE"
    120,"USA","AVLEMON"
      8,"USA","BALTIC HARE"
    125,"USA","BALTIC K"
    186,"USA","BANOS A"
    214,"USA","BEDFORD CASTLE"
    123,"USA","BEI LUN HAI 10"
    242,"USA","BEKS CENK"
    120,"USA","BERNHARD OLDENDORFF"
     34,"USA","BLACK PEARL"
    120,"USA","BONANZA YR"
     38,"USA","BRAVERY"
     91,"USA","BRITANNIA G"
    234,"USA","BULK HONDURAS"
     38,"USA","BULK PATRIOT"
    122,"USA","CAPE BRITANNIA"
    106,"USA","CAPE YORK"
    182,"USA","CASTA DIVA"
     73,"USA","CECELA S"
     88,"USA","CECILIA B"
     68,"USA","CHILOE ISLAND"
    100,"USA","CHIOS LUCK"
     98,"USA","CLEARWATER BAY"
    120,"USA","CLIFTON BAY"
     80,"USA","CLIPPER PHOENIX"
    133,"USA","CLIPPER TRADER"
     66,"USA","COPACABANA"
    121,"USA","CS CHARA"
    208,"USA","DENSA CHEETAH"
    102,"USA","DESERT HOPE"
    126,"USA","EPSON TRADER II"
     17,"USA","ER NAZIRE"
     83,"USA","EVER SHINING"
    125,"USA","FEDERAL BAFFIN"
    238,"USA","FEDERAL LEDA"
     74,"USA","FEDERAL YOSHINO"
    113,"USA","FURNESS PORTLAND"
     93,"USA","GADWALL"
     92,"USA","GALATEIA"
    114,"USA","GENCO CHAMPION"
    106,"USA","GENCO KNIGHT"
     24,"USA","GENCO PROSPERITY"
    240,"USA","GENCO RHONE"
     60,"USA","GENCO SURPRISE"
    135,"USA","GIORGOS DRACOPOULOS"
    121,"USA","GLADIATORSHIP"
    121,"USA","GLOBAL SAIKAI"
    252,"USA","GLOBAL TRINITY"
    206,"USA","GLORIOUS PLUMERIA"
      8,"USA","GOLDEN KIKU"
    102,"USA","GROWTH RING"
    288,"USA","GUARDIANSHIP"
     66,"USA","HARRIETT"
     28,"USA","HARVEST MOON"
     14,"USA","HARVEST SUN"
    240,"USA","IKAN ACAPULCO"
     85,"USA","INTREPID EAGLE"
    230,"USA","IOANNIS THEO"
    266,"USA","ISS  SPIRIT"
    212,"USA","JAMAICA BAY"
    252,"USA","JEWEL OF DUBAI"
    154,"USA","KAPETAN TRADER III"
     33,"USA","KEY MISSION"
     51,"USA","KINATSI"
    288,"USA","KING BATON ROUGE"
     78,"USA","KM HONGKONG"
     55,"USA","LAST TYCOON"
      6,"USA","LILLIAN"
     72,"USA","LIVADI"
    163,"USA","LOCH MELFORT"
     63,"USA","LONGKOU"
    218,"USA","LONG LUCKY"
    116,"USA","MAIA"
    189,"USA","MANDARIN CHINA"
     74,"USA","MANDARIN SKY"
    210,"USA","MAPLE GROVE"
    176,"USA","MAPLE ISLAND"
     77,"USA","MARINICKI"
    220,"USA","MATAKANA ISLAND"
     54,"USA","MEDAN EXPRESS"
    174,"USA","MEDI HAKATA"
     47,"USA","MOBILE PEARL"
     10,"USA","MONTROSE"
    174,"USA","MV DRACO OCEAN"
      8,"USA","MV SANTIAGO"
     29,"USA","NALINEE NAREE"
     33,"USA","NAVIOS VECTOR"
     12,"USA","NEW CALEDONIA MARU"
    252,"USA","NEW INSPIRATION"
     68,"USA","NEW VENTURE"
    107,"USA","NORD SAVANNAH"
    234,"USA","NORD VOYAGER"
     14,"USA","N SCHELDE"
    248,"USA","OCEAN HAWK"
     78,"USA","OCEAN KITE"
     72,"USA","OCEAN LION"
     42,"USA","OCEAN OPAL"
    135,"USA","OCEAN PRINCE"
     22,"USA","OCEAN TRADER I"
      3,"USA","OCEAN WEALTH"
    334,"USA","OLYMPIC PRIDE"
     76,"USA","ORIENT CHAMPION"
     90,"USA","ORIENTE GLORIA"
    150,"USA","ORIENT TIDE"
     51,"USA","OSTRIA S"
     32,"USA","PARADISE ISLAND"
     12,"USA","PAROS"
    226,"USA","PATIENCE LAKE"
    248,"USA","PEDHOULAS LEADER"
    175,"USA","PORTOROZ"
    238,"USA","PORT RICHMOND"
    121,"USA","PRETTY TEAM"
    118,"USA","PRISCILLA VENTURE"
     15,"USA","PROSPECTOR II"
    137,"USA","QUINN J"
    234,"USA","QU SHAN HAI"
     71,"USA","RENATE"
    234,"USA","ROBLE N"
     75,"USA","RONG HAI"
     34,"USA","SANTA EMILIA"
     28,"USA","SANTIAGO BASIN"
    121,"USA","SCARLET CARDINAL"
    240,"USA","SEA NEPTUNE"
    324,"USA","SHENG CHENG HAI"
    100,"USA","SHI ZI SHAN"
    132,"USA","SIMURGH"
     17,"USA","SITC ZHOUSHAN"
    102,"USA","SKS TWEED"
     99,"USA","SOUTHERN WISDOM"
     86,"USA","SPRING BREEZE"
    238,"USA","STAR OF SAWARA"
     13,"USA","SUN MASTER"
     18,"USA","SUPER GRACE"
      6,"USA","SYROS I"
    174,"USA","TAI SHINE"
     32,"USA","TC GOLD"
     56,"USA","TENKI MARU"
    246,"USA","TENMYO MARU"
    114,"USA","TEXASENTERPRISE"
     40,"USA","THEODOR OLDENDORFF"
    108,"USA","TOKOMARU BAY"
    136,"USA","TONG HAI"
    100,"USA","TRADE VISION"
    126,"USA","TRANS SHANGHAI"
     36,"USA","TRIDENT LEGACY"
    103,"USA","TTM DRAGON"
     79,"USA","TYANA"
     36,"USA","UBC SALAVERRY"
     54,"USA","UBC TILBURY"
      8,"USA","ULTRA PANTHER"
     33,"USA","UMANG"
     78,"USA","UNION ERWIN"
    120,"USA","UNITED SERENITY"
    218,"USA","VEGA AQUARIUS"
    240,"USA","VERONIQUE D"
     13,"USA","VITOSHA"
     54,"USA","VITTORIA"
    124,"USA","WESTERN KOBE"
    119,"USA","XIN HUA"
     34,"USA","YASA EMIRHAN"
      8,"USA","YONG HUAN"
     12,"USA","YUTAI BREEZE"
     32,"USA","ZHOUSHAN ISLAND"
    119,"VENEZUELA","AMBER HALO"
    121,"VENEZUELA","AS ELENIA"
     31,"VENEZUELA","AURILIA"
     70,"VENEZUELA","AVRA"
      2,"VENEZUELA","CLIPPER IZUMO"
    135,"VENEZUELA","CROWNED EAGLE"
    106,"VENEZUELA","DARYA GAYATRI"
    124,"VENEZUELA","FEDERAL SPRUCE"
     61,"VENEZUELA","GENCO CHALLENGER"
     67,"VENEZUELA","GLOBETROTTER"
     82,"VENEZUELA","HANZE GOSLAR"
     77,"VENEZUELA","LOUISE BULKER"
    139,"VENEZUELA","MONICA P"
     16,"VENEZUELA","OLZA"
     88,"VENEZUELA","ORIENT ALLIANCE"
     46,"VENEZUELA","SAN NIKOLAS"
     12,"VENEZUELA","SEA MERAY"
     40,"VENEZUELA","SEA PROSPERITY"
     67,"VENEZUELA","STARWAY"
    122,"VENEZUELA","THRASHER"
     47,"VENEZUELA","TRUDY"
    122,"VENEZUELA","WU CHANG HAI"
     10,"VIETNAM","ACHAT"
      1,"VIETNAM","AN THANG 68"
     18,"VIETNAM","BEST TRAVELLER"
      2,"VIETNAM","COLUMBIA RIVER"
      2,"VIETNAM","DEVELOPMENT"
     24,"VIETNAM","GENCO EXPLORER"
    158,"VIETNAM","ID PIONEER"
      1,"VIETNAM","MEDI OKINAWA"
      2,"VIETNAM","NASHICO08"
      3,"VIETNAM","PRINCE OF TOKYO"
      4,"VIETNAM","TAN BINH 38"
      2,"VIETNAM","THANH CONG 45"
    109,"VIETNAM","TITAN"
      3,"VIETNAM","TROPICAL BREEZE"
    240,"VIETNAM","UNICORN EMERALD"
      1,"VIETNAM","VINALINES MIGHTY"
      2,"VIETNAM","VINH 02"
      1,"VIETNAM","VOC DAISY"
      8,"VIETNAM","XING YANG 7"
      6,"VIETNAM","XUAN HIEU GROUP 19"
     16,"WAITING","ALBANY PIONEER"
    224,"WAITING","ARTVIN"
    212,"WAITING","BEIHAI"
    196,"WAITING","BEILUN SEA LION"
     68,"WAITING","GREAT REWARD"
    496,"WAITING","TAO STAR"
